locus_tag,type,+/-,start,end,wstart,wend,inference,note,codon_start,transl_table,pseudo,product,protein_id,translation,gene,EC_number,anticodon,ncRNA_class,db_xref,transl_except
"HWH78_26220",CDS,-,5645590,5647134,,,"COORDINATES: similar to AA sequence:RefSeq:NP_064721.1","Derived by automated computational analysis using gene prediction method: Protein Homology.",1,11,No,"chromosomal replication initiator protein DnaA","QLA53916.1","MSVELWQQCVDLLRDELPSQQFNTWIRPLQVEAEGDELRVYAPN RFVLDWVNEKYLGRLLELLGERGEGQLPALSLLIGSKRSRTPRAAIVPSQTHVAPPPP VAPPPAPVQPVSAAPVVVPREELPPVTTAPSVSSDPYEPEEPSIDPLAAAMPAGAAPA VRTERNVQVEGALKHTSYLNRTFTFENFVEGKSNQLARAAAWQVADNLKHGYNPLFLY GGVGLGKTHLMHAVGNHLLKKNPNAKVVYLHSERFVADMVKALQLNAINEFKRFYRSV DALLIDDIQFFARKERSQEEFFHTFNALLEGGQQVILTSDRYPKEIEGLEERLKSRFG WGLTVAVEPPELETRVAILMKKAEQAKIELPHDAAFFIAQRIRSNVRELEGALKRVIA HSHFMGRPITIELIRESLKDLLALQDKLVSIDNIQRTVAEYYKIKISDLLSKRRSRSV ARPRQVAMALSKELTNHSLPEIGVAFGGRDHTTVLHACRKIAQLRESDADIREDYKNL LRTLTT","dnaA",,,,,
"HWH78_26225",CDS,+,5647660,5647794,,,"COORDINATES: similar to AA sequence:RefSeq:WP_002551315.1","Derived by automated computational analysis using gene prediction method: Protein Homology.",1,11,No,"50S ribosomal protein L34","QLA53917.1","MKRTFQPSTLKRARVHGFRARMATKNGRQVLSRRRAKGRKRLTV ","rpmH",,,,,
"HWH78_26230",CDS,+,5647809,5648216,,,"COORDINATES: similar to AA sequence:RefSeq:NP_254256.1","Derived by automated computational analysis using gene prediction method: Protein Homology.",1,11,No,"ribonuclease P protein component","QLA53918.1","MVSRDFDRDKRLLTARQFSAVFDSPTGKVPGKHVLLLARENGLD HPRLGLVIGKKNVKLAVQRNRLKRLIRESFRHNQETLAGWDIVVIARKGLGELENPEL HQQFGKLWKRLLRNRPRTESPADAPGVADGTHA",,"3.1.26.5",,,,
"HWH78_26235",CDS,+,5648457,5650193,,,"COORDINATES: similar to AA sequence:RefSeq:NP_254255.1","Derived by automated computational analysis using gene prediction method: Protein Homology.",1,11,No,"membrane protein insertase YidC","QLA53919.1","MDIQRSILIVALAVVSYLLVLQWNKDYGQPELPAASASMNTTQG LPDTPSASGTSSDVPTAQSSAAGSEAADKPVAVSDKLIQVKTDVLDLAIDPRGGDIVQ LGLLQYPRRLDRPDVPFPLFDNGRERTYLAQSGLTGADGPDASSAGRPLFHSAQSSYQ LADGQNELVVDLSFSHDGVNYIKRFTFHRGLKADCSDKEKAQKKIECINENAYQVGVS YLIDNQSGKTWSGNLFAQLKRDGSADPSSTTATGVSTYLGAAVWTPDSPYKKISTKDM DKEQFKESVQGGWVAWLQHYFVTAWVPTKGEQHQVMTRKDGQGNYIVGFTGPTLSVPA GSKVETDLTLYAGPKLQKHLKELSPGLELTVDYGFLWFIAQPIFWLLQHIHSLIGNWG WSIIALTVLIKLAFFPLSAASYRSMARMRAVSPKMQAIKEQHGDDRQKMSQAMMELYK KEKINPLGGCLPILVQMPVFLSLYWVLLESVEMRQAPWLGWITDLSVKDPFFILPIVM GGTMLIQQMLNPTPPDPMQAKVMKLMPIIFTFFFLWFPAGLVLYWVVNNCLSIAQQWY ITRKIEAAAKTA","yidC",,,,,
"HWH78_26240",CDS,+,5650264,5651631,,,"COORDINATES: similar to AA sequence:RefSeq:NP_254254.1","Derived by automated computational analysis using gene prediction method: Protein Homology.",1,11,No,"tRNA uridine-5-carboxymethylaminomethyl(34) synthesis GTPase MnmE","QLA53920.1","MQAATETIVAIATAQGRGGVGIVRVSGPLAGQMAVAVSGRQLKA RHAHYGPFLDAGGQVIDEGLSLYFPGPNSFTGEDVLELQGHGGPVVLDLLVQRCLELG ARQARPGEFSERAFLNDKLDLAQAEAIADLIEASSEQAARNALRSLQGEFSRRVHALT EQLISLRIYVEAAIDFPEEEIDFLADGHVLGLLEKVRTELSTVQREASQGALLRDGMT VVIAGRPNAGKSSLLNALAGREAAIVTDIAGTTRDVLREHIHIDGMPLHVVDTAGLRD TEDHVEKIGVERALKAIGEADRVLLVVDATAPEAADPFSLWPEFLDQRPEPGKVTLIR NKADLSTESIGLEESADGHVTITLSARTGAGLELLREHLKACMGFEQTAESGFSARRR HLEALRLAGQALEHGHSQLIHNGAGELLAEDLRQAQQHLGEITGAFTPDDLLGRIFSS FCIGK","mnmE",,,,,
"HWH78_26245",CDS,+,5652126,5652350,,,"COORDINATES: ab initio prediction:GeneMarkS-2+","Derived by automated computational analysis using gene prediction method: GeneMarkS-2+.",1,11,No,"hypothetical protein","QLA53921.1","MEIVANLAVWLGGECQVGQMIDWFGSYDRTSGLSARLPLRKPAN EGSERDFQVSAKRRFERLSSSIDTLESGND",,,,,,
"HWH78_26250",CDS,+,5652824,5654716,,,"COORDINATES: similar to AA sequence:RefSeq:NP_254252.1","Derived by automated computational analysis using gene prediction method: Protein Homology.",1,11,No,"tRNA uridine-5-carboxymethylaminomethyl(34) synthesis enzyme MnmG","QLA53922.1","MDFPTRFDVIVIGGGHAGTEAALAAARMGVKTLLLTHNVETLGQ MSCNPAIGGIGKSHLVKEIDALGGAMAEATDKGGIQFRILNSRKGPAVRATRAQADRV LYKAAIRHTLENQPNLWIFQQACDDLIVEQDQVRGVVTQMGLRFHADNVVLTTGTFLG GLIHIGLENYSGGRAGDPPSIALARRLRELPLRVGRLKTGTPPRIDGRSVDFSVMTEQ PGDTPIPVMSFLGSKEQHPEQVSCWITHTNARTHEIIAANLDRSPMYSGVIEGIGPRY CPSIEDKIHRFADKESHQVFLEPEGLTTHELYPNGISTSLPFDVQLQIVRSIRGMENA HIVRPGYAIEYDFFDPRDLRYSLETKVIGGLFFAGQINGTTGYEEAGAQGLLAGANAA LRSQGKDSWCPRRDEAYIGVLVDDLITLGTQEPYRMFTSRAEYRLILREDNADLRLTE KGRELGLVDDRRWAAFEAKREGIEREEQRLKSTWVRPNTPQGDAIAERFGTPLTHEYN LLNLLSRPEIDYAGLVEITGDAVDNPQVAEQVEIRTKYAGYIDRQQEEIARLRASEDT RLPVDIDYLGISGLSKEIQNKLNQARPETLGQASRIPGVTPAAISLLLIHLKKRASGR QLEQSA","mnmG",,,,,
"HWH78_26255",CDS,+,5654716,5655360,,,"COORDINATES: similar to AA sequence:RefSeq:NP_254251.1","Derived by automated computational analysis using gene prediction method: Protein Homology.",1,11,No,"16S rRNA (guanine(527)-N(7))-methyltransferase RsmG","QLA53923.1","MSAVTQHHADELARGADELGVALDADKQRQLLAYLALLIKWNKA YNLTAVRDPDEMVSRHLLDSLSIVPYAEAGDNWLDVGSGGGMPGVPLAILFPEKRLTL LDSNGKKTRFLTQVKLELKLANLEVVHSRVEAFRPESPFDGIVSRAFSSLEDFANWTR HLGGQETRWLAMKGVHPNEELAALPEDFRVEAEHALAVPGCQGQRHLLILRRTA","rsmG",,,,,
"HWH78_26260",CDS,+,5655379,5656167,,,"COORDINATES: similar to AA sequence:RefSeq:NP_254250.1","Derived by automated computational analysis using gene prediction method: Protein Homology.",1,11,No,"ParA family protein","QLA53924.1","MAKVFAIANQKGGVGKTTTCINLAASLVATKRRVLLLDLDPQGN ATTGSGIDKHNLEHSIYDVLTGECNLAEAMQFSEHGGYQLLPANRDLTAAEVVLLEMD MKENRLRNALAPIRENYDYILIDCPPSLSMLTVNALTAADGVIIPMQCEYYALEGLTD LMNSIQRIGQLLNPTLKIEGLLRTMYDPRISLTNDVSAQLQEHFGDTLYSTVIPRNVR LAEAPSFGMPALVYDKQSRGAIAYLALAGELVRRQRAKGRAATA",,,,,,
